{
  "$schema": "http://json-schema.org/draft-07/schema#",
  "$id": "https://raw.githubusercontent.com/untrustedmodders/plugify/main/schemas/config.schema.json",
  "type": "object",
  "description": "A configuration file for Plugify.",
  "title": "Config",
  "required": [
  ],
  "properties": {
    "baseDir": {
      "type": "string",
      "description": "Relative base folder path.",
      "minLength": 1
    },
    "configsDir": {
      "type": "string",
      "description": "Relative path from base folder to configs folder.",
      "minLength": 1
    },
    "dataDir": {
      "type": "string",
      "description": "Relative path from base folder to data folder.",
      "minLength": 1
    },
    "logsDir": {
      "type": "string",
      "description": "Relative path from base folder to logs folder.",
      "minLength": 1
    },
    "logSeverity": {
      "type": "string",
      "description": "Log severity.",
      "enum": ["none", "fatal", "error", "warning", "info", "debug", "verbose"]
    },
    "preferOwnSymbols": {
      "type": "boolean",
      "description": "Flag indicating if the modules should prefer its own symbols over shared symbols."
    }
  }
}